Image,Target
108.jpg,manipuri
11.jpg,kuchipudi
110.jpg,manipuri
112.jpg,mohiniyattam
114.jpg,kuchipudi
119.jpg,mohiniyattam
125.jpg,kuchipudi
128.jpg,kuchipudi
129.jpg,mohiniyattam
13.jpg,kuchipudi
132.jpg,bharatanatyam
138.jpg,kuchipudi
14.jpg,kuchipudi
145.jpg,kuchipudi
146.jpg,bharatanatyam
147.jpg,kuchipudi
150.jpg,kuchipudi
152.jpg,kuchipudi
157.jpg,mohiniyattam
162.jpg,bharatanatyam
17.jpg,kuchipudi
170.jpg,kuchipudi
171.jpg,bharatanatyam
173.jpg,kuchipudi
175.jpg,mohiniyattam
183.jpg,kathakali
189.jpg,kathakali
193.jpg,kathakali
194.jpg,kathakali
196.jpg,kathakali
198.jpg,kathakali
20.jpg,kuchipudi
200.jpg,kathakali
202.jpg,kathakali
206.jpg,kathakali
210.jpg,kathakali
215.jpg,kathakali
216.jpg,kathakali
217.jpg,kathakali
220.jpg,kathakali
224.jpg,kathakali
226.jpg,kuchipudi
23.jpg,kuchipudi
232.jpg,kathakali
238.jpg,kathakali
239.jpg,kathakali
246.jpg,mohiniyattam
256.jpg,mohiniyattam
264.jpg,mohiniyattam
269.jpg,mohiniyattam
270.jpg,mohiniyattam
271.jpg,mohiniyattam
275.jpg,mohiniyattam
278.jpg,mohiniyattam
28.jpg,kuchipudi
280.jpg,mohiniyattam
283.jpg,mohiniyattam
284.jpg,mohiniyattam
285.jpg,kuchipudi
286.jpg,kuchipudi
290.jpg,mohiniyattam
291.jpg,mohiniyattam
292.jpg,mohiniyattam
301.jpg,mohiniyattam
302.jpg,mohiniyattam
306.jpg,kuchipudi
316.jpg,kuchipudi
317.jpg,kuchipudi
318.jpg,kuchipudi
323.jpg,kuchipudi
324.jpg,kuchipudi
33.jpg,kuchipudi
330.jpg,kuchipudi
332.jpg,kuchipudi
34.jpg,kuchipudi
340.jpg,kuchipudi
346.jpg,kuchipudi
349.jpg,kuchipudi
35.jpg,kuchipudi
354.jpg,manipuri
358.jpg,kuchipudi
360.jpg,kuchipudi
363.jpg,manipuri
366.jpg,kuchipudi
373.jpg,kuchipudi
374.jpg,kuchipudi
375.jpg,kuchipudi
378.jpg,kuchipudi
38.jpg,kuchipudi
380.jpg,kuchipudi
385.jpg,kuchipudi
386.jpg,bharatanatyam
390.jpg,kuchipudi
392.jpg,bharatanatyam
394.jpg,kuchipudi
398.jpg,kuchipudi
40.jpg,kuchipudi
401.jpg,kuchipudi
41.jpg,kuchipudi
410.jpg,kuchipudi
411.jpg,kuchipudi
414.jpg,kuchipudi
416.jpg,kuchipudi
421.jpg,kuchipudi
424.jpg,kuchipudi
429.jpg,kuchipudi
431.jpg,mohiniyattam
437.jpg,kuchipudi
438.jpg,kuchipudi
439.jpg,mohiniyattam
440.jpg,kuchipudi
441.jpg,kuchipudi
447.jpg,kuchipudi
448.jpg,mohiniyattam
45.jpg,kuchipudi
456.jpg,kuchipudi
457.jpg,kuchipudi
458.jpg,kuchipudi
460.jpg,kuchipudi
461.jpg,manipuri
463.jpg,odissi
465.jpg,bharatanatyam
467.jpg,kuchipudi
470.jpg,kuchipudi
473.jpg,kuchipudi
479.jpg,kuchipudi
48.jpg,kuchipudi
482.jpg,kuchipudi
484.jpg,kuchipudi
485.jpg,kuchipudi
487.jpg,kuchipudi
495.jpg,kuchipudi
498.jpg,kuchipudi
505.jpg,kuchipudi
506.jpg,kuchipudi
507.jpg,kuchipudi
508.jpg,kuchipudi
510.jpg,kuchipudi
514.jpg,mohiniyattam
517.jpg,bharatanatyam
518.jpg,bharatanatyam
520.jpg,kuchipudi
55.jpg,kuchipudi
57.jpg,kuchipudi
59.jpg,kuchipudi
6.jpg,bharatanatyam
61.jpg,kuchipudi
64.jpg,kuchipudi
67.jpg,kuchipudi
71.jpg,manipuri
80.jpg,manipuri
86.jpg,manipuri
9.jpg,kuchipudi
92.jpg,manipuri
95.jpg,manipuri
97.jpg,manipuri
